ja	en
今朝はいつもより少し遅く家を出た。	I left home a little later than usual this morning.
歩いて会社に行くのに1時間かかる。	It takes an hour to walk to work.
子どもを保育園に送ってから仕事に行く。	I take my kid to daycare before I go to work.
週末に魚の水槽の水を替えた。	I changed the water in the fish tank over the weekend.
昼休みに30分、英語を勉強している。	I study English for thirty minutes during my lunch break.
朝の支度をしながら日記を書く。	I write in my diary while I get ready in the morning.
雨が降りそうだから、傘を持っていったほうがいいよ。	It looks like rain, so you should take an umbrella.
その会議は思ったより早く終わった。	The meeting ended earlier than I expected.
何か手伝えることはありますか。	Is there anything I can help you with?
もう少しゆっくり話してもらえますか。	Could you speak a little more slowly?
この本は読みやすいけど、内容は深い。	This book is easy to read, but it's really deep.
明日の朝までにこれを終わらせないといけない。	I have to finish this by tomorrow morning.
